                  epoch,         train/box_loss,         train/cls_loss,         train/dfl_loss,   metrics/precision(B),      metrics/recall(B),       metrics/mAP50(B),    metrics/mAP50-95(B),           val/box_loss,           val/cls_loss,           val/dfl_loss,                 lr/pg0,                 lr/pg1,                 lr/pg2
                      1,                 1.3478,                 1.2945,                 1.6849,                0.88514,                0.81366,                0.90035,                0.53808,                 1.3859,                 1.0075,                 1.7954,              0.0006659,              0.0006659,              0.0006659
                      2,                 1.4015,                 1.2696,                 1.6844,                0.82487,                0.77433,                0.84276,                0.43283,                 1.5611,                 1.0637,                   1.96,              0.0013192,              0.0013192,              0.0013192
                      3,                 1.3432,                 1.1732,                 1.6599,                0.77868,                0.80858,                0.83989,                0.46424,                 1.3951,                 1.0963,                  1.766,              0.0019592,              0.0019592,              0.0019592
                      4,                  1.247,                 1.0464,                 1.5656,                0.92583,                0.90456,                0.94964,                0.58516,                 1.2185,                 0.7538,                 1.5609,                0.00194,                0.00194,                0.00194
                      5,                 1.1952,                0.97734,                 1.5392,                0.92484,                 0.8916,                0.93576,                0.60607,                 1.1819,                0.71986,                 1.5169,                0.00192,                0.00192,                0.00192
                      6,                 1.1573,                0.92045,                 1.5097,                0.95775,                0.89165,                0.95134,                0.64509,                 1.0813,                0.67009,                 1.4588,                 0.0019,                 0.0019,                 0.0019
                      7,                 1.1326,                0.86852,                 1.4887,                0.93604,                0.90683,                0.96157,                0.65165,                 1.0289,                0.65091,                 1.4289,                0.00188,                0.00188,                0.00188
                      8,                 1.0912,                0.82809,                 1.4618,                0.95104,                0.90683,                0.96033,                0.65976,                 1.0788,                0.61116,                  1.452,                0.00186,                0.00186,                0.00186
                      9,                 1.0806,                0.80132,                 1.4534,                0.93531,                0.92754,                0.96183,                0.61794,                  1.104,                0.63396,                  1.472,                0.00184,                0.00184,                0.00184
                     10,                 1.0507,                0.75048,                 1.4247,                0.94495,                 0.9441,                0.96922,                0.66809,                 1.0198,                0.56001,                 1.3831,                0.00182,                0.00182,                0.00182
                     11,                 1.0276,                0.74183,                 1.4132,                0.95625,                0.95445,                0.97843,                0.67767,                 1.0046,                 0.5265,                 1.3888,                 0.0018,                 0.0018,                 0.0018
                     12,                 1.0208,                0.72701,                 1.4014,                0.94795,                0.94264,                0.97146,                0.68526,                0.96607,                0.52057,                 1.3441,                0.00178,                0.00178,                0.00178
                     13,                 1.0037,                0.72205,                 1.3948,                0.96783,                0.91511,                0.96497,                0.68227,                 1.0013,                0.52318,                  1.368,                0.00176,                0.00176,                0.00176
                     14,                0.98926,                0.68957,                 1.3794,                0.94305,                0.95031,                0.96979,                0.69285,                0.95144,                0.48101,                 1.3136,                0.00174,                0.00174,                0.00174
                     15,                0.98417,                0.68121,                  1.372,                0.96235,                0.95445,                0.96606,                0.69148,                0.97408,                0.51733,                 1.3357,                0.00172,                0.00172,                0.00172
                     16,                0.95369,                0.66151,                 1.3577,                0.94495,                0.95238,                0.97224,                0.68379,                0.98224,                0.48868,                 1.3544,                 0.0017,                 0.0017,                 0.0017
                     17,                0.94662,                0.64406,                 1.3441,                0.96161,                0.93789,                0.97136,                0.69384,                0.97654,                 0.5062,                 1.3378,                0.00168,                0.00168,                0.00168
                     18,                0.93434,                0.62918,                 1.3361,                0.94257,                0.95143,                0.97228,                0.68801,                0.93771,                0.47921,                 1.3154,                0.00166,                0.00166,                0.00166
                     19,                 0.9272,                0.63259,                 1.3418,                0.95102,                0.95238,                0.97564,                0.70519,                0.90751,                0.46916,                 1.2791,                0.00164,                0.00164,                0.00164
                     20,                0.90656,                0.62022,                 1.3222,                0.95273,                0.95968,                0.97757,                0.71402,                0.90609,                0.45984,                 1.2849,                0.00162,                0.00162,                0.00162
                     21,                0.89605,                0.61621,                 1.3126,                0.95892,                0.93789,                0.96871,                0.70082,                0.91158,                0.47852,                 1.2967,                 0.0016,                 0.0016,                 0.0016
                     22,                 0.9166,                0.62346,                 1.3284,                0.95815,                0.94801,                0.96994,                0.71783,                0.91514,                0.46076,                 1.2929,                0.00158,                0.00158,                0.00158
                     23,                0.89344,                0.60206,                 1.3047,                0.96958,                0.95859,                0.97927,                0.71368,                0.91024,                0.45311,                 1.2743,                0.00156,                0.00156,                0.00156
                     24,                0.87871,                0.57989,                 1.2998,                0.96773,                0.95652,                0.97959,                0.71874,                0.91184,                0.45275,                 1.2688,                0.00154,                0.00154,                0.00154
                     25,                0.86176,                 0.5701,                 1.2889,                0.95074,                0.95899,                0.97865,                0.71231,                0.88572,                0.45315,                 1.2562,                0.00152,                0.00152,                0.00152
                     26,                0.86304,                 0.5656,                  1.286,                0.96601,                0.94153,                0.97254,                0.74194,                0.88216,                0.42989,                 1.2585,                 0.0015,                 0.0015,                 0.0015
                     27,                 0.8651,                0.55891,                 1.2912,                0.96989,                0.95859,                0.98211,                0.73742,                0.88618,                0.43435,                 1.2701,                0.00148,                0.00148,                0.00148
                     28,                0.84957,                0.55051,                 1.2811,                0.94454,                0.95208,                0.97477,                0.72267,                 0.8671,                0.44144,                 1.2285,                0.00146,                0.00146,                0.00146
                     29,                0.84453,                 0.5596,                 1.2713,                0.97469,                0.95673,                0.98038,                0.74168,                0.86543,                0.42272,                  1.244,                0.00144,                0.00144,                0.00144
                     30,                0.83521,                0.54754,                  1.271,                0.97447,                0.94847,                0.98123,                0.73248,                0.88739,                0.42042,                 1.2521,                0.00142,                0.00142,                0.00142
                     31,                0.83057,                0.53681,                 1.2624,                0.97414,                0.94824,                0.97394,                0.72137,                0.90027,                0.43111,                  1.269,                 0.0014,                 0.0014,                 0.0014
                     32,                0.82726,                0.54276,                 1.2663,                0.96876,                0.96309,                0.98103,                0.74089,                0.89364,                0.40828,                 1.2702,                0.00138,                0.00138,                0.00138
                     33,                0.81552,                0.53748,                  1.264,                0.96399,                0.95859,                0.98062,                0.74214,                0.89094,                0.42259,                  1.252,                0.00136,                0.00136,                0.00136
                     34,                0.80524,                 0.5215,                 1.2506,                0.96138,                0.97308,                0.98171,                0.75277,                0.86433,                0.40654,                 1.2472,                0.00134,                0.00134,                0.00134
                     35,                0.80691,                0.52069,                 1.2458,                0.97878,                0.95482,                0.98143,                 0.7366,                0.87369,                 0.3977,                 1.2451,                0.00132,                0.00132,                0.00132
                     36,                0.79728,                0.50636,                 1.2371,                0.97269,                0.95859,                0.98275,                0.73539,                0.89194,                0.40737,                 1.2653,                 0.0013,                 0.0013,                 0.0013
                     37,                0.78858,                0.50096,                 1.2396,                0.97072,                0.96091,                0.97647,                0.73877,                0.87449,                0.40123,                 1.2482,                0.00128,                0.00128,                0.00128
                     38,                0.79108,                0.51579,                 1.2359,                0.97279,                0.96222,                0.98025,                0.74088,                0.88272,                0.40524,                 1.2519,                0.00126,                0.00126,                0.00126
                     39,                0.77645,                0.50137,                 1.2276,                0.96224,                 0.9497,                0.97797,                0.73103,                0.90586,                0.40391,                  1.291,                0.00124,                0.00124,                0.00124
                     40,                0.76463,                0.49065,                 1.2267,                 0.9641,                0.96066,                0.98226,                0.75155,                0.84634,                0.40303,                 1.2245,                0.00122,                0.00122,                0.00122
                     41,                0.76698,                0.49139,                 1.2229,                0.96692,                0.95238,                0.97907,                0.75371,                0.87805,                 0.3946,                 1.2576,                 0.0012,                 0.0012,                 0.0012
                     42,                0.77404,                0.49102,                 1.2197,                0.97449,                0.94893,                0.97601,                0.73835,                0.87777,                0.41289,                 1.2504,                0.00118,                0.00118,                0.00118
                     43,                0.76134,                0.48512,                 1.2188,                0.96475,                0.96329,                0.98412,                0.75276,                0.85571,                0.39469,                 1.2312,                0.00116,                0.00116,                0.00116
                     44,                0.76268,                0.47382,                 1.2191,                0.97671,                0.95525,                0.98158,                0.75491,                0.86685,                 0.3825,                 1.2476,                0.00114,                0.00114,                0.00114
                     45,                0.76091,                0.47747,                 1.2156,                0.97871,                0.95177,                0.98284,                0.75804,                0.86559,                0.39028,                 1.2448,                0.00112,                0.00112,                0.00112
                     46,                0.74915,                0.47353,                 1.2091,                0.97251,                0.95206,                0.97931,                0.75555,                0.85557,                0.37821,                 1.2295,                 0.0011,                 0.0011,                 0.0011
                     47,                0.74169,                0.47851,                 1.1992,                0.97438,                 0.9648,                0.97905,                0.75393,                0.85817,                0.38391,                  1.253,                0.00108,                0.00108,                0.00108
                     48,                 0.7368,                0.46612,                 1.1941,                0.95778,                0.95652,                0.97945,                0.74774,                0.86558,                0.38798,                 1.2434,                0.00106,                0.00106,                0.00106
                     49,                0.72174,                0.46425,                 1.1839,                0.96274,                0.95859,                0.97766,                0.76089,                0.84859,                0.38765,                 1.2353,                0.00104,                0.00104,                0.00104
                     50,                0.73133,                0.45097,                 1.1907,                0.96624,                0.94824,                0.97948,                0.76088,                0.86149,                  0.387,                 1.2455,                0.00102,                0.00102,                0.00102
                     51,                0.72269,                0.45416,                 1.1926,                0.96779,                0.95652,                0.97673,                0.75111,                0.87446,                 0.3668,                 1.2614,                  0.001,                  0.001,                  0.001
                     52,                0.71657,                0.44734,                 1.1788,                0.96663,                 0.9596,                0.97868,                0.75008,                0.85901,                0.37769,                 1.2446,                0.00098,                0.00098,                0.00098
                     53,                0.71172,                0.44283,                  1.176,                0.96924,                0.94617,                0.97746,                0.75644,                0.87753,                0.37613,                 1.2613,                0.00096,                0.00096,                0.00096
                     54,                0.70221,                0.43906,                 1.1762,                0.96868,                0.96059,                0.98403,                 0.7603,                0.85253,                0.36747,                 1.2411,                0.00094,                0.00094,                0.00094
                     55,                0.69657,                0.43981,                 1.1749,                0.96436,                0.95229,                0.98024,                0.75354,                0.87146,                0.37455,                 1.2763,                0.00092,                0.00092,                0.00092
                     56,                0.69285,                  0.441,                 1.1701,                0.97206,                0.96066,                0.97795,                0.74863,                0.87074,                0.38888,                 1.2756,                 0.0009,                 0.0009,                 0.0009
                     57,                0.68914,                0.43892,                 1.1663,                0.95809,                 0.9648,                0.97928,                0.75645,                 0.8562,                0.36945,                 1.2496,                0.00088,                0.00088,                0.00088
                     58,                0.68237,                0.42586,                  1.164,                0.96873,                0.96202,                0.98239,                0.74902,                 0.8573,                0.37499,                 1.2409,                0.00086,                0.00086,                0.00086
                     59,                0.68403,                0.43269,                 1.1581,                 0.9726,                0.95535,                0.98253,                 0.7527,                 0.8576,                 0.3728,                 1.2424,                0.00084,                0.00084,                0.00084
                     60,                0.67343,                0.42239,                 1.1555,                0.96475,                0.94824,                0.97291,                0.74454,                0.87448,                0.36971,                 1.2634,                0.00082,                0.00082,                0.00082
                     61,                0.67232,                0.41899,                 1.1522,                0.97053,                0.95471,                0.98481,                0.75529,                0.85948,                0.36912,                 1.2467,                 0.0008,                 0.0008,                 0.0008
                     62,                0.66462,                  0.416,                 1.1529,                  0.971,                0.95031,                 0.9812,                  0.761,                0.86374,                0.36952,                 1.2459,                0.00078,                0.00078,                0.00078
                     63,                0.66325,                0.41764,                 1.1486,                0.95529,                0.96066,                0.98055,                0.75791,                0.85521,                0.37497,                 1.2436,                0.00076,                0.00076,                0.00076
                     64,                  0.658,                0.41252,                 1.1514,                0.96834,                0.96273,                0.98274,                0.76549,                0.84171,                0.35825,                 1.2412,                0.00074,                0.00074,                0.00074
                     65,                0.64943,                 0.4095,                 1.1386,                0.96952,                0.95031,                0.97834,                0.76309,                0.85845,                0.36368,                 1.2539,                0.00072,                0.00072,                0.00072
                     66,                0.64207,                0.40038,                 1.1352,                0.95845,                0.96894,                0.98234,                0.75673,                0.84828,                0.35935,                 1.2398,                 0.0007,                 0.0007,                 0.0007
                     67,                 0.6435,                0.39885,                 1.1354,                0.97068,                0.95956,                0.98369,                0.75641,                0.87507,                0.36738,                 1.2716,                0.00068,                0.00068,                0.00068
                     68,                  0.627,                0.39158,                 1.1178,                0.96636,                0.95162,                0.98203,                0.75918,                0.86845,                0.36662,                 1.2668,                0.00066,                0.00066,                0.00066
                     69,                0.64218,                0.39385,                 1.1298,                0.96564,                0.95859,                0.98058,                 0.7418,                 0.8756,                0.37558,                 1.2706,                0.00064,                0.00064,                0.00064
                     70,                0.62979,                0.38981,                 1.1329,                 0.9704,                0.95034,                0.98005,                0.76361,                0.86202,                0.35778,                 1.2595,                0.00062,                0.00062,                0.00062
                     71,                0.61554,                0.38064,                 1.1254,                0.95784,                0.96273,                0.98434,                0.75978,                0.84184,                0.35758,                 1.2477,                 0.0006,                 0.0006,                 0.0006
                     72,                0.62531,                0.38918,                 1.1244,                0.95274,                0.95992,                0.97166,                0.74463,                0.86707,                0.36439,                 1.2624,                0.00058,                0.00058,                0.00058
                     73,                0.61295,                0.38097,                 1.1135,                0.96058,                0.95858,                0.97647,                 0.7496,                0.88142,                0.36878,                 1.2727,                0.00056,                0.00056,                0.00056
                     74,                0.61659,                0.38839,                  1.124,                0.96878,                0.96367,                0.98152,                0.75656,                0.86896,                0.35835,                 1.2755,                0.00054,                0.00054,                0.00054
                     75,                0.60874,                 0.3845,                 1.1094,                0.95592,                0.96066,                0.97987,                0.76556,                0.85074,                0.35469,                 1.2545,                0.00052,                0.00052,                0.00052
                     76,                0.59793,                0.37444,                 1.1054,                0.95994,                 0.9648,                0.97702,                0.75163,                0.87059,                0.35024,                  1.278,                 0.0005,                 0.0005,                 0.0005
                     77,                0.59795,                0.36848,                 1.1078,                0.96659,                0.95851,                0.98274,                0.76117,                0.86434,                0.36947,                 1.2705,                0.00048,                0.00048,                0.00048
                     78,                0.59917,                0.36944,                 1.1082,                 0.9551,                0.96892,                0.98078,                0.75909,                 0.8648,                0.36688,                 1.2613,                0.00046,                0.00046,                0.00046
                     79,                 0.5815,                0.35667,                 1.0953,                0.96183,                0.96894,                0.98109,                0.75762,                0.86568,                0.35218,                  1.274,                0.00044,                0.00044,                0.00044
                     80,                0.57562,                0.36241,                 1.0915,                0.96966,                0.96273,                0.97977,                0.76773,                0.86335,                0.35525,                 1.2706,                0.00042,                0.00042,                0.00042
                     81,                0.58003,                0.35332,                 1.0909,                 0.9601,                0.96687,                0.98156,                0.76106,                0.87454,                0.35584,                  1.275,                 0.0004,                 0.0004,                 0.0004
                     82,                0.57598,                0.35668,                 1.0952,                0.96674,                0.96294,                0.98447,                0.76175,                0.85721,                0.35327,                 1.2659,                0.00038,                0.00038,                0.00038
                     83,                0.57974,                  0.359,                 1.0908,                0.96298,                0.96949,                0.98143,                0.75058,                0.86605,                0.34229,                 1.2788,                0.00036,                0.00036,                0.00036
                     84,                 0.5686,                0.35149,                 1.0892,                0.96243,                0.96273,                0.98107,                0.75439,                0.86577,                0.35282,                 1.2721,                0.00034,                0.00034,                0.00034
                     85,                0.55963,                0.34904,                 1.0852,                0.96162,                0.95652,                0.97754,                0.74934,                0.86589,                0.35279,                 1.2784,                0.00032,                0.00032,                0.00032
                     86,                0.56514,                0.35444,                 1.0891,                0.96885,                0.96066,                0.98519,                0.75481,                0.86403,                0.35165,                 1.2658,                 0.0003,                 0.0003,                 0.0003
                     87,                0.55592,                0.34892,                 1.0804,                0.96295,                0.96852,                0.98275,                0.76055,                0.84981,                0.35518,                 1.2638,                0.00028,                0.00028,                0.00028
                     88,                0.55151,                0.34311,                 1.0779,                0.95665,                0.97516,                0.98573,                0.76065,                0.85855,                0.34574,                  1.271,                0.00026,                0.00026,                0.00026
                     89,                0.54944,                0.34255,                 1.0793,                0.97119,                0.96273,                0.98461,                0.76946,                0.84431,                0.34022,                 1.2568,                0.00024,                0.00024,                0.00024
                     90,                0.43369,                0.22784,                 0.9913,                0.96667,                0.96076,                0.98736,                0.76049,                0.85433,                0.35254,                 1.2701,                0.00022,                0.00022,                0.00022
                     91,                0.42402,                0.22002,                0.98133,                0.95586,                0.96894,                0.98407,                0.76307,                0.85752,                0.34548,                 1.2831,                 0.0002,                 0.0002,                 0.0002
                     92,                0.41632,                0.21358,                0.98113,                 0.9664,                0.95859,                 0.9817,                0.76419,                0.86244,                0.34614,                 1.2819,                0.00018,                0.00018,                0.00018
                     93,                0.41828,                 0.2143,                0.98073,                0.96878,                0.96361,                0.98436,                0.77234,                0.86141,                0.34647,                 1.2752,                0.00016,                0.00016,                0.00016
                     94,                0.41085,                0.21273,                 0.9726,                0.96658,                 0.9648,                0.98154,                0.77001,                0.85915,                0.34086,                 1.2831,                0.00014,                0.00014,                0.00014
                     95,                0.39855,                0.20246,                0.96983,                0.95732,                0.96066,                0.98416,                0.76651,                0.86468,                0.34907,                 1.2961,                0.00012,                0.00012,                0.00012
                     96,                0.39262,                0.20179,                 0.9627,                0.95886,                0.96513,                0.98386,                0.76532,                0.86652,                 0.3519,                 1.2991,                 0.0001,                 0.0001,                 0.0001
                     97,                0.39523,                0.20232,                0.95925,                0.95882,                0.96413,                0.98443,                0.76515,                 0.8695,                0.34467,                 1.3055,                  8e-05,                  8e-05,                  8e-05
                     98,                 0.3846,                0.19719,                0.95682,                0.95336,                0.96894,                0.98438,                 0.7694,                0.86453,                0.34534,                 1.3045,                  6e-05,                  6e-05,                  6e-05
                     99,                0.37901,                0.19478,                0.95557,                0.96209,                0.96066,                0.98379,                 0.7715,                0.86408,                0.34672,                 1.3041,                  4e-05,                  4e-05,                  4e-05
